konfiguracja;prog_mocy;kontrast;N;skok;skok_um;woksli;woksli_razem;kolumny;wiersze;szer_x_mm;szer_y_mm;warstwy;bledy
L = 0,85 mm, krok 0,110°;rel 0.2;0.15;1;stały 500 µm;500.0;318;318;6;58;2.671875;5.3671875;[4];nominalnie
L = 0,85 mm, krok 0,110°;rel 0.2;0.15;1;optymalizowany;300.0;423;423;8;58;2.3203125;5.3671875;[0];nominalnie
L = 0,85 mm, krok 0,110°;rel 0.2;0.15;2;stały 500 µm;500.0;256;512;5;57;2.3203125;5.3203125;[0, 1];nominalnie
L = 0,85 mm, krok 0,110°;rel 0.2;0.15;2;optymalizowany;350.0;314;628;6;57;1.9453125;5.3203125;[0, 1];nominalnie
L = 0,85 mm, krok 0,110°;rel 0.2;0.15;3;stały 500 µm;500.0;196;588;4;56;1.7109375;5.1796875;[0, 1, 2];nominalnie
L = 0,85 mm, krok 0,110°;rel 0.2;0.15;3;optymalizowany;350.0;206;618;4;56;1.3125;5.1796875;[0, 1, 2];nominalnie
L = 0,85 mm, krok 0,110°;rel 0.2;0.15;4;stały 500 µm;500.0;139;556;3;53;1.1015625;4.8984375;[0, 1, 2, 3];nominalnie
L = 0,85 mm, krok 0,110°;rel 0.2;0.15;4;optymalizowany;450.0;142;568;3;53;1.03125;4.8984375;[0, 1, 2, 3];nominalnie
L = 0,85 mm, krok 0,110°;rel 0.2;0.15;5;stały 500 µm;500.0;48;240;1;48;0.46875;4.476562500000001;[0, 1, 2, 3, 4];nominalnie
L = 0,85 mm, krok 0,110°;rel 0.2;0.15;5;optymalizowany;700.0;64;320;2;48;0.7265625;4.476562500000001;[0, 1, 2, 3, 4];nominalnie
L = 0,85 mm, krok 0,110°;rel 0.2;0.3;1;stały 500 µm;500.0;278;278;6;56;2.765625;5.1796875;[1];nominalnie
L = 0,85 mm, krok 0,110°;rel 0.2;0.3;1;optymalizowany;350.0;356;356;7;55;2.4140625;5.15625;[0];nominalnie
L = 0,85 mm, krok 0,110°;rel 0.2;0.3;2;stały 500 µm;500.0;212;424;5;54;2.203125;5.0390625;[0, 1];nominalnie
L = 0,85 mm, krok 0,110°;rel 0.2;0.3;2;optymalizowany;400.0;246;492;5;54;1.9921875;5.0390625;[0, 1];nominalnie
L = 0,85 mm, krok 0,110°;rel 0.2;0.3;3;stały 500 µm;500.0;148;444;4;53;1.5937500000000002;4.9453125;[0, 1, 2];nominalnie
L = 0,85 mm, krok 0,110°;rel 0.2;0.3;3;optymalizowany;400.0;173;519;4;53;1.3593750000000002;4.9453125;[0, 1, 2];nominalnie
L = 0,85 mm, krok 0,110°;rel 0.2;0.3;4;stały 500 µm;500.0;85;340;2;51;0.984375;4.7109375;[0, 1, 2, 3];nominalnie
L = 0,85 mm, krok 0,110°;rel 0.2;0.3;4;optymalizowany;450.0;88;352;3;51;0.9140625;4.7109375;[0, 1, 2, 3];nominalnie
L = 0,85 mm, krok 0,110°;rel 0.2;0.3;5;stały 500 µm;500.0;39;195;1;39;0.3515625;3.5859375;[0, 1, 2, 3, 4];nominalnie
L = 0,85 mm, krok 0,110°;rel 0.2;0.3;5;optymalizowany;500.0;39;195;1;39;0.3515625;3.5859375;[0, 1, 2, 3, 4];nominalnie
L = 0,85 mm, krok 0,110°;rel 0.2;0.5;1;stały 500 µm;500.0;165;165;5;41;2.296875;3.7734375;[0];nominalnie
L = 0,85 mm, krok 0,110°;rel 0.2;0.5;1;optymalizowany;400.0;201;201;6;41;2.296875;3.7734375;[0];nominalnie
L = 0,85 mm, krok 0,110°;rel 0.2;0.5;2;stały 500 µm;500.0;118;236;4;40;1.7109375;3.6796875000000004;[1, 2];nominalnie
L = 0,85 mm, krok 0,110°;rel 0.2;0.5;2;optymalizowany;450.0;128;256;4;39;1.734375;3.6328125;[0, 1];nominalnie
L = 0,85 mm, krok 0,110°;rel 0.2;0.5;3;stały 500 µm;500.0;70;210;3;38;1.1484375;3.4921875;[0, 1, 2];nominalnie
L = 0,85 mm, krok 0,110°;rel 0.2;0.5;3;optymalizowany;450.0;79;237;3;38;1.1250000000000002;3.4921875;[0, 1, 2];nominalnie
L = 0,85 mm, krok 0,110°;rel 0.2;0.5;4;stały 500 µm;500.0;31;124;2;31;0.5859375;2.8359375;[0, 1, 2, 3];nominalnie
L = 0,85 mm, krok 0,110°;rel 0.2;0.5;4;optymalizowany;500.0;31;124;2;31;0.5859375;2.8359375;[0, 1, 2, 3];nominalnie
L = 0,85 mm, krok 0,110°;rel 0.2;0.5;5;stały 500 µm;500.0;0;0;0;0;0.0;0.0;[0, 1, 2, 3, 4];nominalnie
L = 0,85 mm, krok 0,110°;rel 0.2;0.5;5;optymalizowany;None;0;0;0;0;0.0;0.0;[0, 1, 2, 3, 4];nominalnie
L = 0,85 mm, krok 0,110°;rel 0.3;0.15;1;stały 500 µm;500.0;276;276;6;51;2.859375;4.7578125;[1];nominalnie
L = 0,85 mm, krok 0,110°;rel 0.3;0.15;1;optymalizowany;300.0;378;378;8;51;2.3203125;4.7109375;[0];nominalnie
L = 0,85 mm, krok 0,110°;rel 0.3;0.15;2;stały 500 µm;500.0;223;446;5;51;2.2500000000000004;4.7109375;[1, 2];nominalnie
L = 0,85 mm, krok 0,110°;rel 0.3;0.15;2;optymalizowany;350.0;274;548;6;50;1.9453125;4.6640625;[0, 1];nominalnie
L = 0,85 mm, krok 0,110°;rel 0.3;0.15;3;stały 500 µm;500.0;168;504;4;49;1.7109375;4.5234375;[0, 1, 2];nominalnie
L = 0,85 mm, krok 0,110°;rel 0.3;0.15;3;optymalizowany;350.0;178;534;4;49;1.3125;4.5234375;[0, 1, 2];nominalnie
L = 0,85 mm, krok 0,110°;rel 0.3;0.15;4;stały 500 µm;500.0;120;480;3;46;1.1015625;4.2890625;[0, 1, 2, 3];nominalnie
L = 0,85 mm, krok 0,110°;rel 0.3;0.15;4;optymalizowany;400.0;122;488;3;46;0.890625;4.2890625;[0, 1, 2, 3];nominalnie
L = 0,85 mm, krok 0,110°;rel 0.3;0.15;5;stały 500 µm;500.0;41;205;1;41;0.46875;3.8203125;[0, 1, 2, 3, 4];nominalnie
L = 0,85 mm, krok 0,110°;rel 0.3;0.15;5;optymalizowany;700.0;56;280;2;41;0.7265625;3.8203125;[0, 1, 2, 3, 4];nominalnie
L = 0,85 mm, krok 0,110°;rel 0.3;0.3;1;stały 500 µm;500.0;261;261;6;51;2.578125;4.7578125;[4];nominalnie
L = 0,85 mm, krok 0,110°;rel 0.3;0.3;1;optymalizowany;350.0;331;331;7;51;2.4140625;4.7109375;[0];nominalnie
L = 0,85 mm, krok 0,110°;rel 0.3;0.3;2;stały 500 µm;500.0;201;402;5;51;2.15625;4.7109375;[1, 2];nominalnie
L = 0,85 mm, krok 0,110°;rel 0.3;0.3;2;optymalizowany;400.0;232;464;5;50;1.9921875;4.6640625;[0, 1];nominalnie
L = 0,85 mm, krok 0,110°;rel 0.3;0.3;3;stały 500 µm;500.0;138;414;4;49;1.5937500000000002;4.5234375;[0, 1, 2];nominalnie
L = 0,85 mm, krok 0,110°;rel 0.3;0.3;3;optymalizowany;400.0;162;486;4;49;1.3593750000000002;4.5234375;[0, 1, 2];nominalnie
L = 0,85 mm, krok 0,110°;rel 0.3;0.3;4;stały 500 µm;500.0;84;336;2;46;0.984375;4.2890625;[0, 1, 2, 3];nominalnie
L = 0,85 mm, krok 0,110°;rel 0.3;0.3;4;optymalizowany;450.0;86;344;3;46;0.9140625;4.2890625;[0, 1, 2, 3];nominalnie
L = 0,85 mm, krok 0,110°;rel 0.3;0.3;5;stały 500 µm;500.0;39;195;1;39;0.3515625;3.5859375;[0, 1, 2, 3, 4];nominalnie
L = 0,85 mm, krok 0,110°;rel 0.3;0.3;5;optymalizowany;500.0;39;195;1;39;0.3515625;3.5859375;[0, 1, 2, 3, 4];nominalnie
L = 0,85 mm, krok 0,110°;rel 0.3;0.5;1;stały 500 µm;500.0;165;165;5;41;2.296875;3.7734375;[0];nominalnie
L = 0,85 mm, krok 0,110°;rel 0.3;0.5;1;optymalizowany;400.0;201;201;6;41;2.296875;3.7734375;[0];nominalnie
L = 0,85 mm, krok 0,110°;rel 0.3;0.5;2;stały 500 µm;500.0;118;236;4;40;1.7109375;3.6796875000000004;[1, 2];nominalnie
L = 0,85 mm, krok 0,110°;rel 0.3;0.5;2;optymalizowany;450.0;128;256;4;39;1.734375;3.6328125;[0, 1];nominalnie
L = 0,85 mm, krok 0,110°;rel 0.3;0.5;3;stały 500 µm;500.0;70;210;3;38;1.1484375;3.4921875;[0, 1, 2];nominalnie
L = 0,85 mm, krok 0,110°;rel 0.3;0.5;3;optymalizowany;450.0;79;237;3;38;1.1250000000000002;3.4921875;[0, 1, 2];nominalnie
L = 0,85 mm, krok 0,110°;rel 0.3;0.5;4;stały 500 µm;500.0;31;124;2;31;0.5859375;2.8359375;[0, 1, 2, 3];nominalnie
L = 0,85 mm, krok 0,110°;rel 0.3;0.5;4;optymalizowany;500.0;31;124;2;31;0.5859375;2.8359375;[0, 1, 2, 3];nominalnie
L = 0,85 mm, krok 0,110°;rel 0.3;0.5;5;stały 500 µm;500.0;0;0;0;0;0.0;0.0;[0, 1, 2, 3, 4];nominalnie
L = 0,85 mm, krok 0,110°;rel 0.3;0.5;5;optymalizowany;None;0;0;0;0;0.0;0.0;[0, 1, 2, 3, 4];nominalnie
L = 0,85 mm, krok 0,110°;rel 0.5;0.15;1;stały 500 µm;500.0;210;210;6;40;2.859375;3.7265625000000004;[1];nominalnie
L = 0,85 mm, krok 0,110°;rel 0.5;0.15;1;optymalizowany;300.0;292;292;8;40;2.3203125;3.7265625000000004;[0];nominalnie
L = 0,85 mm, krok 0,110°;rel 0.5;0.15;2;stały 500 µm;500.0;166;332;5;40;2.3203125;3.6796875000000004;[0, 1];nominalnie
L = 0,85 mm, krok 0,110°;rel 0.5;0.15;2;optymalizowany;350.0;208;416;6;40;1.9453125;3.6796875000000004;[0, 1];nominalnie
L = 0,85 mm, krok 0,110°;rel 0.5;0.15;3;stały 500 µm;500.0;124;372;4;38;1.7109375;3.5390625;[0, 1, 2];nominalnie
L = 0,85 mm, krok 0,110°;rel 0.5;0.15;3;optymalizowany;350.0;135;405;4;38;1.3125;3.5390625;[0, 1, 2];nominalnie
L = 0,85 mm, krok 0,110°;rel 0.5;0.15;4;stały 500 µm;500.0;85;340;3;35;1.1015625;3.2578125;[0, 1, 2, 3];nominalnie
L = 0,85 mm, krok 0,110°;rel 0.5;0.15;4;optymalizowany;400.0;90;360;3;35;0.890625;3.2578125;[0, 1, 2, 3];nominalnie
L = 0,85 mm, krok 0,110°;rel 0.5;0.15;5;stały 500 µm;500.0;30;150;1;30;0.46875;2.7890625;[0, 1, 2, 3, 4];nominalnie
L = 0,85 mm, krok 0,110°;rel 0.5;0.15;5;optymalizowany;550.0;42;210;2;30;0.5625000000000001;2.7890625;[0, 1, 2, 3, 4];nominalnie
L = 0,85 mm, krok 0,110°;rel 0.5;0.3;1;stały 500 µm;500.0;210;210;6;40;2.765625;3.7265625000000004;[1];nominalnie
L = 0,85 mm, krok 0,110°;rel 0.5;0.3;1;optymalizowany;350.0;256;256;7;40;2.4140625;3.7265625000000004;[0];nominalnie
L = 0,85 mm, krok 0,110°;rel 0.5;0.3;2;stały 500 µm;500.0;166;332;5;40;2.203125;3.6796875000000004;[0, 1];nominalnie
L = 0,85 mm, krok 0,110°;rel 0.5;0.3;2;optymalizowany;400.0;177;354;5;40;1.9921875;3.6796875000000004;[0, 1];nominalnie
L = 0,85 mm, krok 0,110°;rel 0.5;0.3;3;stały 500 µm;500.0;118;354;4;38;1.5937500000000002;3.5390625;[0, 1, 2];nominalnie
L = 0,85 mm, krok 0,110°;rel 0.5;0.3;3;optymalizowany;400.0;132;396;4;38;1.3593750000000002;3.5390625;[0, 1, 2];nominalnie
L = 0,85 mm, krok 0,110°;rel 0.5;0.3;4;stały 500 µm;500.0;62;248;2;35;0.984375;3.2578125;[0, 1, 2, 3];nominalnie
L = 0,85 mm, krok 0,110°;rel 0.5;0.3;4;optymalizowany;450.0;64;256;3;35;0.9140625;3.2578125;[0, 1, 2, 3];nominalnie
L = 0,85 mm, krok 0,110°;rel 0.5;0.3;5;stały 500 µm;500.0;30;150;1;30;0.3515625;2.7890625;[0, 1, 2, 3, 4];nominalnie
L = 0,85 mm, krok 0,110°;rel 0.5;0.3;5;optymalizowany;500.0;30;150;1;30;0.3515625;2.7890625;[0, 1, 2, 3, 4];nominalnie
L = 0,85 mm, krok 0,110°;rel 0.5;0.5;1;stały 500 µm;500.0;164;164;5;40;2.296875;3.7265625000000004;[0];nominalnie
L = 0,85 mm, krok 0,110°;rel 0.5;0.5;1;optymalizowany;400.0;201;201;6;40;2.296875;3.7265625000000004;[0];nominalnie
L = 0,85 mm, krok 0,110°;rel 0.5;0.5;2;stały 500 µm;500.0;118;236;4;40;1.7109375;3.6796875000000004;[1, 2];nominalnie
L = 0,85 mm, krok 0,110°;rel 0.5;0.5;2;optymalizowany;450.0;128;256;4;39;1.734375;3.6328125;[0, 1];nominalnie
L = 0,85 mm, krok 0,110°;rel 0.5;0.5;3;stały 500 µm;500.0;70;210;3;37;1.1484375;3.4453125;[0, 1, 2];nominalnie
L = 0,85 mm, krok 0,110°;rel 0.5;0.5;3;optymalizowany;450.0;79;237;3;37;1.1250000000000002;3.4453125;[0, 1, 2];nominalnie
L = 0,85 mm, krok 0,110°;rel 0.5;0.5;4;stały 500 µm;500.0;31;124;2;31;0.5859375;2.8359375;[0, 1, 2, 3];nominalnie
L = 0,85 mm, krok 0,110°;rel 0.5;0.5;4;optymalizowany;500.0;31;124;2;31;0.5859375;2.8359375;[0, 1, 2, 3];nominalnie
L = 0,85 mm, krok 0,110°;rel 0.5;0.5;5;stały 500 µm;500.0;0;0;0;0;0.0;0.0;[0, 1, 2, 3, 4];nominalnie
L = 0,85 mm, krok 0,110°;rel 0.5;0.5;5;optymalizowany;None;0;0;0;0;0.0;0.0;[0, 1, 2, 3, 4];nominalnie
L = 0,85 mm, krok 0,110°;rel 0.8;0.15;1;stały 500 µm;500.0;104;104;6;24;2.6015625;2.2265625000000004;[0];nominalnie
L = 0,85 mm, krok 0,110°;rel 0.8;0.15;1;optymalizowany;300.0;162;162;8;24;2.3203125;2.2265625000000004;[0];nominalnie
L = 0,85 mm, krok 0,110°;rel 0.8;0.15;2;stały 500 µm;500.0;76;152;5;24;2.015625;2.1796875;[0, 1];nominalnie
L = 0,85 mm, krok 0,110°;rel 0.8;0.15;2;optymalizowany;350.0;106;212;6;24;1.9453125;2.1796875;[0, 1];nominalnie
L = 0,85 mm, krok 0,110°;rel 0.8;0.15;3;stały 500 µm;500.0;52;156;3;22;1.453125;1.9921875;[0, 1, 2];nominalnie
L = 0,85 mm, krok 0,110°;rel 0.8;0.15;3;optymalizowany;350.0;68;204;4;22;1.3125;1.9921875;[0, 1, 2];nominalnie
L = 0,85 mm, krok 0,110°;rel 0.8;0.15;4;stały 500 µm;500.0;26;104;2;19;0.8671875;1.7109375;[0, 1, 2, 3];nominalnie
L = 0,85 mm, krok 0,110°;rel 0.8;0.15;4;optymalizowany;400.0;30;120;3;19;0.8203125;1.7109375;[0, 1, 2, 3];nominalnie
L = 0,85 mm, krok 0,110°;rel 0.8;0.15;5;stały 500 µm;500.0;11;55;1;11;0.2578125;1.0078125;[0, 1, 2, 3, 4];nominalnie
L = 0,85 mm, krok 0,110°;rel 0.8;0.15;5;optymalizowany;400.0;11;55;1;11;0.14062500000000003;1.0078125;[0, 1, 2, 3, 4];nominalnie
L = 0,85 mm, krok 0,110°;rel 0.8;0.3;1;stały 500 µm;500.0;104;104;6;24;2.6015625;2.2265625000000004;[0];nominalnie
L = 0,85 mm, krok 0,110°;rel 0.8;0.3;1;optymalizowany;350.0;141;141;7;24;2.4140625;2.2265625000000004;[0];nominalnie
L = 0,85 mm, krok 0,110°;rel 0.8;0.3;2;stały 500 µm;500.0;76;152;5;24;2.015625;2.1796875;[0, 1];nominalnie
L = 0,85 mm, krok 0,110°;rel 0.8;0.3;2;optymalizowany;350.0;97;194;5;24;1.5703125;2.1796875;[0, 1];nominalnie
L = 0,85 mm, krok 0,110°;rel 0.8;0.3;3;stały 500 µm;500.0;52;156;3;22;1.453125;1.9921875;[0, 1, 2];nominalnie
L = 0,85 mm, krok 0,110°;rel 0.8;0.3;3;optymalizowany;400.0;62;186;4;22;1.3359375;1.9921875;[0, 1, 2];nominalnie
L = 0,85 mm, krok 0,110°;rel 0.8;0.3;4;stały 500 µm;500.0;26;104;2;19;0.8671875;1.7109375;[0, 1, 2, 3];nominalnie
L = 0,85 mm, krok 0,110°;rel 0.8;0.3;4;optymalizowany;400.0;30;120;2;19;0.6328125;1.7109375;[0, 1, 2, 3];nominalnie
L = 0,85 mm, krok 0,110°;rel 0.8;0.3;5;stały 500 µm;500.0;11;55;1;11;0.2578125;1.0078125;[0, 1, 2, 3, 4];nominalnie
L = 0,85 mm, krok 0,110°;rel 0.8;0.3;5;optymalizowany;450.0;11;55;1;11;0.1640625;1.0078125;[0, 1, 2, 3, 4];nominalnie
L = 0,85 mm, krok 0,110°;rel 0.8;0.5;1;stały 500 µm;500.0;103;103;5;24;2.296875;2.2265625000000004;[0];nominalnie
L = 0,85 mm, krok 0,110°;rel 0.8;0.5;1;optymalizowany;400.0;124;124;6;24;2.296875;2.2265625000000004;[0];nominalnie
L = 0,85 mm, krok 0,110°;rel 0.8;0.5;2;stały 500 µm;500.0;76;152;4;24;1.734375;2.1796875;[0, 1];nominalnie
L = 0,85 mm, krok 0,110°;rel 0.8;0.5;2;optymalizowany;400.0;81;162;4;24;1.4296875;2.1796875;[0, 1];nominalnie
L = 0,85 mm, krok 0,110°;rel 0.8;0.5;3;stały 500 µm;500.0;52;156;3;22;1.1484375;1.9921875;[0, 1, 2];nominalnie
L = 0,85 mm, krok 0,110°;rel 0.8;0.5;3;optymalizowany;450.0;54;162;3;22;1.1250000000000002;1.9921875;[0, 1, 2];nominalnie
L = 0,85 mm, krok 0,110°;rel 0.8;0.5;4;stały 500 µm;500.0;23;92;2;19;0.5859375;1.7109375;[0, 1, 2, 3];nominalnie
L = 0,85 mm, krok 0,110°;rel 0.8;0.5;4;optymalizowany;500.0;23;92;2;19;0.5859375;1.7109375;[0, 1, 2, 3];nominalnie
L = 0,85 mm, krok 0,110°;rel 0.8;0.5;5;stały 500 µm;500.0;0;0;0;0;0.0;0.0;[0, 1, 2, 3, 4];nominalnie
L = 0,85 mm, krok 0,110°;rel 0.8;0.5;5;optymalizowany;None;0;0;0;0;0.0;0.0;[0, 1, 2, 3, 4];nominalnie
L = 0,85 mm, krok 0,110°;abs 0.05;0.15;1;stały 500 µm;500.0;360;360;6;65;2.859375;6.0703125;[1];nominalnie
L = 0,85 mm, krok 0,110°;abs 0.05;0.15;1;optymalizowany;350.0;482;482;8;65;2.625;6.0234375;[0];nominalnie
L = 0,85 mm, krok 0,110°;abs 0.05;0.15;2;stały 500 µm;500.0;293;586;5;64;2.2500000000000004;5.953125;[1, 2];nominalnie
L = 0,85 mm, krok 0,110°;abs 0.05;0.15;2;optymalizowany;350.0;360;720;6;64;1.9453125;5.9296875;[0, 1];nominalnie
L = 0,85 mm, krok 0,110°;abs 0.05;0.15;3;stały 500 µm;500.0;226;678;4;63;1.7109375;5.8359375;[0, 1, 2];nominalnie
L = 0,85 mm, krok 0,110°;abs 0.05;0.15;3;optymalizowany;350.0;236;708;4;63;1.3125;5.8359375;[0, 1, 2];nominalnie
L = 0,85 mm, krok 0,110°;abs 0.05;0.15;4;stały 500 µm;500.0;162;648;3;60;1.1015625;5.6015625;[0, 1, 2, 3];nominalnie
L = 0,85 mm, krok 0,110°;abs 0.05;0.15;4;optymalizowany;450.0;164;656;3;60;1.03125;5.6015625;[0, 1, 2, 3];nominalnie
L = 0,85 mm, krok 0,110°;abs 0.05;0.15;5;stały 500 µm;500.0;55;275;1;55;0.46875;5.1328125;[0, 1, 2, 3, 4];nominalnie
L = 0,85 mm, krok 0,110°;abs 0.05;0.15;5;optymalizowany;700.0;70;350;2;55;0.7265625;5.1328125;[0, 1, 2, 3, 4];nominalnie
L = 0,85 mm, krok 0,110°;abs 0.05;0.3;1;stały 500 µm;500.0;278;278;6;56;2.765625;5.1796875;[1];nominalnie
L = 0,85 mm, krok 0,110°;abs 0.05;0.3;1;optymalizowany;350.0;356;356;7;55;2.4140625;5.15625;[0];nominalnie
L = 0,85 mm, krok 0,110°;abs 0.05;0.3;2;stały 500 µm;500.0;212;424;5;54;2.203125;5.0390625;[0, 1];nominalnie
L = 0,85 mm, krok 0,110°;abs 0.05;0.3;2;optymalizowany;400.0;246;492;5;54;1.9921875;5.0390625;[0, 1];nominalnie
L = 0,85 mm, krok 0,110°;abs 0.05;0.3;3;stały 500 µm;500.0;148;444;4;53;1.5937500000000002;4.9453125;[0, 1, 2];nominalnie
L = 0,85 mm, krok 0,110°;abs 0.05;0.3;3;optymalizowany;400.0;173;519;4;53;1.3593750000000002;4.9453125;[0, 1, 2];nominalnie
L = 0,85 mm, krok 0,110°;abs 0.05;0.3;4;stały 500 µm;500.0;85;340;2;51;0.984375;4.7109375;[0, 1, 2, 3];nominalnie
L = 0,85 mm, krok 0,110°;abs 0.05;0.3;4;optymalizowany;450.0;88;352;3;51;0.9140625;4.7109375;[0, 1, 2, 3];nominalnie
L = 0,85 mm, krok 0,110°;abs 0.05;0.3;5;stały 500 µm;500.0;39;195;1;39;0.3515625;3.5859375;[0, 1, 2, 3, 4];nominalnie
L = 0,85 mm, krok 0,110°;abs 0.05;0.3;5;optymalizowany;500.0;39;195;1;39;0.3515625;3.5859375;[0, 1, 2, 3, 4];nominalnie
L = 0,85 mm, krok 0,110°;abs 0.05;0.5;1;stały 500 µm;500.0;165;165;5;41;2.296875;3.7734375;[0];nominalnie
L = 0,85 mm, krok 0,110°;abs 0.05;0.5;1;optymalizowany;400.0;201;201;6;41;2.296875;3.7734375;[0];nominalnie
L = 0,85 mm, krok 0,110°;abs 0.05;0.5;2;stały 500 µm;500.0;118;236;4;40;1.7109375;3.6796875000000004;[1, 2];nominalnie
L = 0,85 mm, krok 0,110°;abs 0.05;0.5;2;optymalizowany;450.0;128;256;4;39;1.734375;3.6328125;[0, 1];nominalnie
L = 0,85 mm, krok 0,110°;abs 0.05;0.5;3;stały 500 µm;500.0;70;210;3;38;1.1484375;3.4921875;[0, 1, 2];nominalnie
L = 0,85 mm, krok 0,110°;abs 0.05;0.5;3;optymalizowany;450.0;79;237;3;38;1.1250000000000002;3.4921875;[0, 1, 2];nominalnie
L = 0,85 mm, krok 0,110°;abs 0.05;0.5;4;stały 500 µm;500.0;31;124;2;31;0.5859375;2.8359375;[0, 1, 2, 3];nominalnie
L = 0,85 mm, krok 0,110°;abs 0.05;0.5;4;optymalizowany;500.0;31;124;2;31;0.5859375;2.8359375;[0, 1, 2, 3];nominalnie
L = 0,85 mm, krok 0,110°;abs 0.05;0.5;5;stały 500 µm;500.0;0;0;0;0;0.0;0.0;[0, 1, 2, 3, 4];nominalnie
L = 0,85 mm, krok 0,110°;abs 0.05;0.5;5;optymalizowany;None;0;0;0;0;0.0;0.0;[0, 1, 2, 3, 4];nominalnie
L = 0,85 mm, krok 0,110°;abs 0.1;0.15;1;stały 500 µm;500.0;316;316;6;58;2.953125;5.3671875;[0];nominalnie
L = 0,85 mm, krok 0,110°;abs 0.1;0.15;1;optymalizowany;300.0;426;426;8;58;2.3203125;5.3671875;[0];nominalnie
L = 0,85 mm, krok 0,110°;abs 0.1;0.15;2;stały 500 µm;500.0;252;504;5;56;2.3203125;5.2265625;[0, 1];nominalnie
L = 0,85 mm, krok 0,110°;abs 0.1;0.15;2;optymalizowany;350.0;310;620;6;56;1.9453125;5.2265625;[0, 1];nominalnie
L = 0,85 mm, krok 0,110°;abs 0.1;0.15;3;stały 500 µm;500.0;192;576;4;54;1.7109375;5.0390625;[0, 1, 2];nominalnie
L = 0,85 mm, krok 0,110°;abs 0.1;0.15;3;optymalizowany;350.0;202;606;4;54;1.3125;5.0390625;[0, 1, 2];nominalnie
L = 0,85 mm, krok 0,110°;abs 0.1;0.15;4;stały 500 µm;500.0;135;540;3;51;1.1015625;4.7578125;[0, 1, 2, 3];nominalnie
L = 0,85 mm, krok 0,110°;abs 0.1;0.15;4;optymalizowany;450.0;138;552;3;51;1.03125;4.7578125;[0, 1, 2, 3];nominalnie
L = 0,85 mm, krok 0,110°;abs 0.1;0.15;5;stały 500 µm;500.0;46;230;1;46;0.46875;4.2890625;[0, 1, 2, 3, 4];nominalnie
L = 0,85 mm, krok 0,110°;abs 0.1;0.15;5;optymalizowany;700.0;59;295;2;46;0.7265625;4.2890625;[0, 1, 2, 3, 4];nominalnie
L = 0,85 mm, krok 0,110°;abs 0.1;0.3;1;stały 500 µm;500.0;278;278;6;56;2.765625;5.1796875;[1];nominalnie
L = 0,85 mm, krok 0,110°;abs 0.1;0.3;1;optymalizowany;350.0;356;356;7;55;2.4140625;5.15625;[0];nominalnie
L = 0,85 mm, krok 0,110°;abs 0.1;0.3;2;stały 500 µm;500.0;212;424;5;54;2.203125;5.0390625;[0, 1];nominalnie
L = 0,85 mm, krok 0,110°;abs 0.1;0.3;2;optymalizowany;400.0;246;492;5;54;1.9921875;5.0390625;[0, 1];nominalnie
L = 0,85 mm, krok 0,110°;abs 0.1;0.3;3;stały 500 µm;500.0;148;444;4;53;1.5937500000000002;4.9453125;[0, 1, 2];nominalnie
L = 0,85 mm, krok 0,110°;abs 0.1;0.3;3;optymalizowany;400.0;173;519;4;53;1.3593750000000002;4.9453125;[0, 1, 2];nominalnie
L = 0,85 mm, krok 0,110°;abs 0.1;0.3;4;stały 500 µm;500.0;85;340;2;50;0.984375;4.6171875;[0, 1, 2, 3];nominalnie
L = 0,85 mm, krok 0,110°;abs 0.1;0.3;4;optymalizowany;450.0;88;352;3;50;0.9140625;4.6171875;[0, 1, 2, 3];nominalnie
L = 0,85 mm, krok 0,110°;abs 0.1;0.3;5;stały 500 µm;500.0;39;195;1;39;0.3515625;3.5859375;[0, 1, 2, 3, 4];nominalnie
L = 0,85 mm, krok 0,110°;abs 0.1;0.3;5;optymalizowany;500.0;39;195;1;39;0.3515625;3.5859375;[0, 1, 2, 3, 4];nominalnie
L = 0,85 mm, krok 0,110°;abs 0.1;0.5;1;stały 500 µm;500.0;165;165;5;41;2.296875;3.7734375;[0];nominalnie
L = 0,85 mm, krok 0,110°;abs 0.1;0.5;1;optymalizowany;400.0;201;201;6;41;2.296875;3.7734375;[0];nominalnie
L = 0,85 mm, krok 0,110°;abs 0.1;0.5;2;stały 500 µm;500.0;118;236;4;40;1.7109375;3.6796875000000004;[1, 2];nominalnie
L = 0,85 mm, krok 0,110°;abs 0.1;0.5;2;optymalizowany;450.0;128;256;4;39;1.734375;3.6328125;[0, 1];nominalnie
L = 0,85 mm, krok 0,110°;abs 0.1;0.5;3;stały 500 µm;500.0;70;210;3;38;1.1484375;3.4921875;[0, 1, 2];nominalnie
L = 0,85 mm, krok 0,110°;abs 0.1;0.5;3;optymalizowany;450.0;79;237;3;38;1.1250000000000002;3.4921875;[0, 1, 2];nominalnie
L = 0,85 mm, krok 0,110°;abs 0.1;0.5;4;stały 500 µm;500.0;31;124;2;31;0.5859375;2.8359375;[0, 1, 2, 3];nominalnie
L = 0,85 mm, krok 0,110°;abs 0.1;0.5;4;optymalizowany;500.0;31;124;2;31;0.5859375;2.8359375;[0, 1, 2, 3];nominalnie
L = 0,85 mm, krok 0,110°;abs 0.1;0.5;5;stały 500 µm;500.0;0;0;0;0;0.0;0.0;[0, 1, 2, 3, 4];nominalnie
L = 0,85 mm, krok 0,110°;abs 0.1;0.5;5;optymalizowany;None;0;0;0;0;0.0;0.0;[0, 1, 2, 3, 4];nominalnie
L = 0,85 mm, krok 0,110°;abs 0.2;0.15;1;stały 500 µm;500.0;242;242;6;46;2.953125;4.2421875;[0];nominalnie
L = 0,85 mm, krok 0,110°;abs 0.2;0.15;1;optymalizowany;300.0;340;340;8;46;2.3203125;4.2421875;[0];nominalnie
L = 0,85 mm, krok 0,110°;abs 0.2;0.15;2;stały 500 µm;500.0;187;374;5;43;2.3203125;4.0078125;[0, 1];nominalnie
L = 0,85 mm, krok 0,110°;abs 0.2;0.15;2;optymalizowany;350.0;234;468;6;43;1.9453125;4.0078125;[0, 1];nominalnie
L = 0,85 mm, krok 0,110°;abs 0.2;0.15;3;stały 500 µm;500.0;140;420;4;42;1.7109375;3.8671875;[0, 1, 2];nominalnie
L = 0,85 mm, krok 0,110°;abs 0.2;0.15;3;optymalizowany;350.0;150;450;4;42;1.3125;3.8671875;[0, 1, 2];nominalnie
L = 0,85 mm, krok 0,110°;abs 0.2;0.15;4;stały 500 µm;500.0;93;372;3;38;1.1015625;3.5390625;[0, 1, 2, 3];nominalnie
L = 0,85 mm, krok 0,110°;abs 0.2;0.15;4;optymalizowany;400.0;99;396;3;38;0.890625;3.5390625;[0, 1, 2, 3];nominalnie
L = 0,85 mm, krok 0,110°;abs 0.2;0.15;5;stały 500 µm;500.0;32;160;1;32;0.46875;2.9765625;[0, 1, 2, 3, 4];nominalnie
L = 0,85 mm, krok 0,110°;abs 0.2;0.15;5;optymalizowany;550.0;48;240;2;32;0.5625000000000001;2.9765625;[0, 1, 2, 3, 4];nominalnie
L = 0,85 mm, krok 0,110°;abs 0.2;0.3;1;stały 500 µm;500.0;237;237;6;46;2.8359375;4.2421875;[0];nominalnie
L = 0,85 mm, krok 0,110°;abs 0.2;0.3;1;optymalizowany;350.0;295;295;7;46;2.4140625;4.2421875;[0];nominalnie
L = 0,85 mm, krok 0,110°;abs 0.2;0.3;2;stały 500 µm;500.0;179;358;5;43;2.203125;4.0078125;[0, 1];nominalnie
L = 0,85 mm, krok 0,110°;abs 0.2;0.3;2;optymalizowany;400.0;197;394;5;43;1.9921875;4.0078125;[0, 1];nominalnie
L = 0,85 mm, krok 0,110°;abs 0.2;0.3;3;stały 500 µm;500.0;126;378;4;42;1.5937500000000002;3.8671875;[0, 1, 2];nominalnie
L = 0,85 mm, krok 0,110°;abs 0.2;0.3;3;optymalizowany;400.0;142;426;4;42;1.3593750000000002;3.8671875;[0, 1, 2];nominalnie
L = 0,85 mm, krok 0,110°;abs 0.2;0.3;4;stały 500 µm;500.0;70;280;2;38;0.984375;3.5390625;[0, 1, 2, 3];nominalnie
L = 0,85 mm, krok 0,110°;abs 0.2;0.3;4;optymalizowany;450.0;70;280;3;38;0.9140625;3.5390625;[0, 1, 2, 3];nominalnie
L = 0,85 mm, krok 0,110°;abs 0.2;0.3;5;stały 500 µm;500.0;31;155;1;31;0.3515625;2.8359375;[0, 1, 2, 3, 4];nominalnie
L = 0,85 mm, krok 0,110°;abs 0.2;0.3;5;optymalizowany;450.0;31;155;1;31;0.2578125;2.8359375;[0, 1, 2, 3, 4];nominalnie
L = 0,85 mm, krok 0,110°;abs 0.2;0.5;1;stały 500 µm;500.0;165;165;5;41;2.296875;3.7734375;[0];nominalnie
L = 0,85 mm, krok 0,110°;abs 0.2;0.5;1;optymalizowany;400.0;201;201;6;41;2.296875;3.7734375;[0];nominalnie
L = 0,85 mm, krok 0,110°;abs 0.2;0.5;2;stały 500 µm;500.0;118;236;4;40;1.7109375;3.6796875000000004;[1, 2];nominalnie
L = 0,85 mm, krok 0,110°;abs 0.2;0.5;2;optymalizowany;450.0;128;256;4;39;1.734375;3.6328125;[0, 1];nominalnie
L = 0,85 mm, krok 0,110°;abs 0.2;0.5;3;stały 500 µm;500.0;70;210;3;38;1.1484375;3.4921875;[0, 1, 2];nominalnie
L = 0,85 mm, krok 0,110°;abs 0.2;0.5;3;optymalizowany;450.0;79;237;3;38;1.1250000000000002;3.4921875;[0, 1, 2];nominalnie
L = 0,85 mm, krok 0,110°;abs 0.2;0.5;4;stały 500 µm;500.0;31;124;2;31;0.5859375;2.8359375;[0, 1, 2, 3];nominalnie
L = 0,85 mm, krok 0,110°;abs 0.2;0.5;4;optymalizowany;500.0;31;124;2;31;0.5859375;2.8359375;[0, 1, 2, 3];nominalnie
L = 0,85 mm, krok 0,110°;abs 0.2;0.5;5;stały 500 µm;500.0;0;0;0;0;0.0;0.0;[0, 1, 2, 3, 4];nominalnie
L = 0,85 mm, krok 0,110°;abs 0.2;0.5;5;optymalizowany;None;0;0;0;0;0.0;0.0;[0, 1, 2, 3, 4];nominalnie
L = 0,85 mm, krok 0,110°;abs 0.3;0.15;1;stały 500 µm;500.0;180;180;6;36;2.953125;3.3046875;[0];nominalnie
L = 0,85 mm, krok 0,110°;abs 0.3;0.15;1;optymalizowany;300.0;258;258;8;36;2.3203125;3.3046875;[0];nominalnie
L = 0,85 mm, krok 0,110°;abs 0.3;0.15;2;stały 500 µm;500.0;132;264;5;32;2.3203125;2.9765625;[0, 1];nominalnie
L = 0,85 mm, krok 0,110°;abs 0.3;0.15;2;optymalizowany;350.0;168;336;6;32;1.9453125;2.9765625;[0, 1];nominalnie
L = 0,85 mm, krok 0,110°;abs 0.3;0.15;3;stały 500 µm;500.0;92;276;4;30;1.7109375;2.7890625;[0, 1, 2];nominalnie
L = 0,85 mm, krok 0,110°;abs 0.3;0.15;3;optymalizowany;350.0;106;318;4;30;1.3125;2.7890625;[0, 1, 2];nominalnie
L = 0,85 mm, krok 0,110°;abs 0.3;0.15;4;stały 500 µm;500.0;53;212;3;26;1.1015625;2.4140625;[0, 1, 2, 3];nominalnie
L = 0,85 mm, krok 0,110°;abs 0.3;0.15;4;optymalizowany;400.0;61;244;3;26;0.890625;2.4140625;[0, 1, 2, 3];nominalnie
L = 0,85 mm, krok 0,110°;abs 0.3;0.15;5;stały 500 µm;500.0;19;95;1;19;0.46875;1.7578125;[0, 1, 2, 3, 4];nominalnie
L = 0,85 mm, krok 0,110°;abs 0.3;0.15;5;optymalizowany;400.0;19;95;1;19;0.2109375;1.7578125;[0, 1, 2, 3, 4];nominalnie
L = 0,85 mm, krok 0,110°;abs 0.3;0.3;1;stały 500 µm;500.0;180;180;6;36;2.8359375;3.3046875;[0];nominalnie
L = 0,85 mm, krok 0,110°;abs 0.3;0.3;1;optymalizowany;350.0;224;224;7;36;2.4140625;3.3046875;[0];nominalnie
L = 0,85 mm, krok 0,110°;abs 0.3;0.3;2;stały 500 µm;500.0;132;264;5;32;2.203125;2.9765625;[0, 1];nominalnie
L = 0,85 mm, krok 0,110°;abs 0.3;0.3;2;optymalizowany;350.0;144;288;5;32;1.5703125;2.9765625;[0, 1];nominalnie
L = 0,85 mm, krok 0,110°;abs 0.3;0.3;3;stały 500 µm;500.0;92;276;4;30;1.5937500000000002;2.7890625;[0, 1, 2];nominalnie
L = 0,85 mm, krok 0,110°;abs 0.3;0.3;3;optymalizowany;400.0;102;306;4;30;1.3593750000000002;2.7890625;[0, 1, 2];nominalnie
L = 0,85 mm, krok 0,110°;abs 0.3;0.3;4;stały 500 µm;500.0;46;184;2;26;0.984375;2.4140625;[0, 1, 2, 3];nominalnie
L = 0,85 mm, krok 0,110°;abs 0.3;0.3;4;optymalizowany;400.0;48;192;2;26;0.65625;2.4140625;[0, 1, 2, 3];nominalnie
L = 0,85 mm, krok 0,110°;abs 0.3;0.3;5;stały 500 µm;500.0;19;95;1;19;0.3515625;1.7109375;[0, 1, 2, 3, 4];nominalnie
L = 0,85 mm, krok 0,110°;abs 0.3;0.3;5;optymalizowany;450.0;19;95;1;19;0.2578125;1.7109375;[0, 1, 2, 3, 4];nominalnie
L = 0,85 mm, krok 0,110°;abs 0.3;0.5;1;stały 500 µm;500.0;152;152;5;36;2.296875;3.3046875;[0];nominalnie
L = 0,85 mm, krok 0,110°;abs 0.3;0.5;1;optymalizowany;400.0;183;183;6;36;2.296875;3.3046875;[0];nominalnie
L = 0,85 mm, krok 0,110°;abs 0.3;0.5;2;stały 500 µm;500.0;104;208;4;32;1.734375;2.9765625;[0, 1];nominalnie
L = 0,85 mm, krok 0,110°;abs 0.3;0.5;2;optymalizowany;450.0;114;228;4;32;1.734375;2.9765625;[0, 1];nominalnie
L = 0,85 mm, krok 0,110°;abs 0.3;0.5;3;stały 500 µm;500.0;62;186;3;30;1.1484375;2.7890625;[0, 1, 2];nominalnie
L = 0,85 mm, krok 0,110°;abs 0.3;0.5;3;optymalizowany;450.0;71;213;3;30;1.1250000000000002;2.7890625;[0, 1, 2];nominalnie
L = 0,85 mm, krok 0,110°;abs 0.3;0.5;4;stały 500 µm;500.0;24;96;2;24;0.5859375;2.2265625000000004;[0, 1, 2, 3];nominalnie
L = 0,85 mm, krok 0,110°;abs 0.3;0.5;4;optymalizowany;450.0;24;96;1;24;0.421875;2.2265625000000004;[0, 1, 2, 3];nominalnie
L = 0,85 mm, krok 0,110°;abs 0.3;0.5;5;stały 500 µm;500.0;0;0;0;0;0.0;0.0;[0, 1, 2, 3, 4];nominalnie
L = 0,85 mm, krok 0,110°;abs 0.3;0.5;5;optymalizowany;None;0;0;0;0;0.0;0.0;[0, 1, 2, 3, 4];nominalnie
