k,var,refl,top,cone,cap,useful,fwl,pkl,old300,old400,l300,l400,lh300,lh400,fw,fwy,sh,shum,c300,c400,h300,h400,pmin,dA,gain
0,A,0.5841592299312418,0.5841592299312418,0.5551901343721986,0.5125617540444243,0.4622415550876525,217.86032967457572,0.0,0.3093478955067863,0.7050860978487602,0.30902486822820374,0.7049702973075713,0.004681410383595235,0.47987792732034773,2.5001884605685754,0.5180066219498551,-7.533636237924164e-05,0.006574337849966779,0.30307341156967915,0.6990582881628296,0.0,0.47095131348394315,347.65625000000006,0.0,1.0
0,B,0.5841592299312418,0.5841592299312418,0.5551901343721986,0.5118722183496341,0.46280376414159513,223.33567336953064,120.32453844634756,0.290697345796618,0.7009834364574593,0.29042678878249545,0.6995595906120148,0.0,0.4669518709533762,2.5569236146226872,0.5185580058346894,-1.3781808770955521,120.26896996670344,0.283610197294597,0.6940773510181946,0.0,0.4566963632424479,353.12500000000006,0.0,1.0
0,C,0.5841592299312418,0.5841592299312418,0.5551901343721986,0.5118722183496341,0.46280376414159513,223.33567336953064,120.32453844634756,0.290697345796618,0.7009834364574593,0.29042678878249545,0.6995595906120148,0.0,0.4669518709533762,2.5569236146226872,0.5185580058346894,-1.3781808770955521,120.26896996670344,0.283610197294597,0.6940773510181946,0.0,0.4566963632424479,353.12500000000006,0.0,1.0
1,A,0.5601733850652223,0.5601733850652223,0.5323973180098367,0.49084341261672004,0.43561604523658937,228.16081620997255,-2.73075772353321e-13,0.2509187285450323,0.6335614204890611,0.250723190505153,0.6334339485544591,0.0,0.3637545000991349,2.6083498483834133,0.5173704924966656,-0.00023807186759494764,0.020861100898407172,0.24476898465863595,0.6268547013266093,0.0,0.35400938591497777,366.79687500000006,0.0,1.0
1,B,0.5601733850652223,0.5601733850652223,0.5323973180098367,0.4900579365386163,0.43609515045278135,239.2154135054331,134.02467354691018,0.21419381457016962,0.6205114260352872,0.21280320604921021,0.6188196199049637,0.0,0.33112263549047866,2.7245868759455902,0.5179920394673346,-1.529676386556266,134.0382371265876,0.20610190431572406,0.6130031114427533,0.0,0.31938973627261946,372.265625,0.0,1.0
1,C,0.5601387020469207,0.5252100368389976,0.499116295100386,0.45910036241470986,0.40042401924475574,247.3598599156563,145.48133655270925,0.17674525634812,0.564631474301807,0.17584158666212027,0.5638701212314757,0.0,0.2697729233538931,2.8186895530452354,0.5179388220532224,-1.6617190306755678,145.6085034906579,0.16801526595998167,0.5551755504766523,0.0,0.25867930350504836,385.9375,0.0,1.0
2,A,0.5345349424473733,0.5345349424473733,0.5080318379534539,0.46772196971717694,0.4070814513427717,238.351791196368,0.0,0.20032902471355232,0.5587014873937771,0.20026222640030486,0.5585685184386252,0.0,0.24958277503266066,2.714485099814433,0.5167657505997084,-0.00027968057579991993,0.024607412102753703,0.1942227230112693,0.5512262671596654,0.0,0.23886893493849562,385.9375,0.0,1.0
2,B,0.5345349424473733,0.5345349424473733,0.5080318379534539,0.4668315187050246,0.4044669774876848,257.85738350491954,147.19403804235552,0.13626455742265192,0.5250246693182882,0.13510073970940065,0.5214716920982957,0.0,0.17716521273945413,2.9235384689177404,0.517399440149246,-1.673861718775659,147.27302744972417,0.12779700038677835,0.5148107893413785,0.0,0.1633239115116842,396.875,0.0,1.0
2,C,0.5344961302424627,0.503517267351485,0.47853750250086546,0.4395719555269797,0.37654655786128655,263.5736150390089,161.1272383670423,0.11496005624117339,0.4896674326233802,0.11379579725347151,0.487503096111875,0.0,0.1330842539868909,2.990291556666995,0.5176380318493208,-1.83418096946548,161.37855429385988,0.1060159456324138,0.47876704233498857,0.0,0.1207473738944064,407.8125,0.0,1.0
3,A,0.5078057156626102,0.5078057156626102,0.4826280073829059,0.4436921479151146,0.3776852219546914,248.16932493213432,-2.855518001673669e-13,0.1610848174620804,0.4876000907963063,0.1599195157305304,0.4874699686869323,0.0,0.15623506185686692,2.8150026746056964,0.5161961923596243,-0.0003168568062224685,0.027992001292111362,0.15380211227796461,0.479403688613096,0.0,0.14486081868870573,407.8125,0.0,1.0
3,B,0.5078057156626102,0.5078057156626102,0.4826280073829059,0.44269100797157,0.37312742252528824,279.4129658681834,159.56291626526718,0.06604105734578022,0.41640992045738345,0.06365745689368185,0.41253032220042746,0.0,0.02575854391680393,3.1534781195039066,0.5169416603667474,-1.807766328435461,159.7030469526097,0.05558884848896763,0.4048587034830599,0.0,0.009952385448679877,426.95312500000006,0.0,1.0
3,C,0.5077737709841011,0.47904522808662564,0.45528659483926315,0.4174913671613946,0.347900824692191,281.1094248509944,173.66460938896645,0.057739718808123106,0.407090535872299,0.056287129472080935,0.40514814994542886,0.0,0.0,3.1736380709898273,0.5171850803313631,-1.96916506962876,173.96145543021055,0.04832721074733823,0.39784182585553174,0.0,0.0,426.95312500000006,0.0,1.0
4,A,0.48050101425459624,0.48050101425459624,0.4566760321091709,0.41920754978186814,0.34833552435301385,257.32744110868373,0.0,0.1317641163530599,0.4243239903691728,0.12950386671211925,0.42419346098163985,0.0,0.0934536507121376,2.9082895163442153,0.515657292360573,-0.0004519021418094874,0.040084402845930345,0.12345435575740388,0.4156416223152787,0.0,0.08203242270189445,429.68750000000006,0.0,1.0
4,B,0.48050101425459624,0.48050101425459624,0.4566760321091709,0.41809261374048345,0.337974975828271,303.99672985701835,170.86292652933403,0.0,0.304575055459748,0.002593126342937744,0.3008736636511418,0.0,0.0,3.4147064135457446,0.5165527322089238,-1.9284001122986787,171.05200395820458,0.0,0.2913176315718176,0.0,0.0,457.03125,0.0,1.0
4,C,0.4804751729532065,0.45601430569826507,0.43339018823621694,0.39660975024727757,0.32057103584269525,302.86114783886967,184.7779898388803,0.0,0.3074349809614963,0.00313580852425312,0.30514625403236817,0.0,0.0,3.4004685532640795,0.5168519334738045,-2.086421064208459,185.06870117739896,0.0,0.29722250147377677,0.0,0.0,457.03125,0.0,1.0
